[{"model": "admin.logentry", "pk": 1, "fields": {"action_time": "2021-04-27T21:44:35.996Z", "user": 1, "content_type": 7, "object_id": "1", "object_repr": "theweenornironboxexample.com", "action_flag": 2, "change_message": "[{\"changed\": {\"fields\": [\"Domain name\", \"Display name\"]}}]"}}, {"model": "admin.logentry", "pk": 2, "fields": {"action_time": "2021-04-27T21:50:09.225Z", "user": 1, "content_type": 8, "object_id": "1", "object_repr": "chattertonkirsty@gmail.com", "action_flag": 2, "change_message": "[{\"changed\": {\"fields\": [\"Verified\", \"Primary\"]}}]"}}, {"model": "admin.logentry", "pk": 3, "fields": {"action_time": "2021-05-02T10:43:09.321Z", "user": 1, "content_type": 14, "object_id": "1", "object_repr": "baked_goods", "action_flag": 1, "change_message": "[{\"added\": {}}]"}}, {"model": "admin.logentry", "pk": 4, "fields": {"action_time": "2021-05-02T10:43:14.774Z", "user": 1, "content_type": 14, "object_id": "2", "object_repr": "drinks", "action_flag": 1, "change_message": "[{\"added\": {}}]"}}, {"model": "admin.logentry", "pk": 5, "fields": {"action_time": "2021-05-02T10:43:22.538Z", "user": 1, "content_type": 14, "object_id": "3", "object_repr": "snacks", "action_flag": 1, "change_message": "[{\"added\": {}}]"}}, {"model": "admin.logentry", "pk": 6, "fields": {"action_time": "2021-05-02T10:45:12.773Z", "user": 1, "content_type": 13, "object_id": "1", "object_repr": "Genesis Crafty Toaster Wheaten Bread", "action_flag": 1, "change_message": "[{\"added\": {}}]"}}, {"model": "admin.logentry", "pk": 7, "fields": {"action_time": "2021-05-02T10:48:20.599Z", "user": 1, "content_type": 13, "object_id": "1", "object_repr": "Genesis Crafty Toaster Wheaten Bread", "action_flag": 2, "change_message": "[{\"changed\": {\"fields\": [\"Size\"]}}]"}}, {"model": "admin.logentry", "pk": 8, "fields": {"action_time": "2021-05-02T10:48:59.489Z", "user": 1, "content_type": 13, "object_id": "2", "object_repr": "Irwin's Nutty Krust", "action_flag": 1, "change_message": "[{\"added\": {}}]"}}, {"model": "admin.logentry", "pk": 9, "fields": {"action_time": "2021-05-02T10:49:30.120Z", "user": 1, "content_type": 13, "object_id": "3", "object_repr": "Irwin's Potato Farls", "action_flag": 1, "change_message": "[{\"added\": {}}]"}}, {"model": "admin.logentry", "pk": 10, "fields": {"action_time": "2021-05-02T10:50:04.391Z", "user": 1, "content_type": 13, "object_id": "4", "object_repr": "Irwin's Sliced Sodas", "action_flag": 1, "change_message": "[{\"added\": {}}]"}}, {"model": "admin.logentry", "pk": 11, "fields": {"action_time": "2021-05-02T10:50:36.076Z", "user": 1, "content_type": 13, "object_id": "5", "object_repr": "Irwin's Veda Malt Loaf", "action_flag": 1, "change_message": "[{\"added\": {}}]"}}, {"model": "admin.logentry", "pk": 12, "fields": {"action_time": "2021-05-02T10:51:03.651Z", "user": 1, "content_type": 13, "object_id": "6", "object_repr": "Irwin's Wheaten Bread", "action_flag": 1, "change_message": "[{\"added\": {}}]"}}, {"model": "admin.logentry", "pk": 13, "fields": {"action_time": "2021-05-02T10:51:17.721Z", "user": 1, "content_type": 13, "object_id": "5", "object_repr": "Irwin's Veda Malt Loaf", "action_flag": 2, "change_message": "[{\"changed\": {\"fields\": [\"Image\"]}}]"}}, {"model": "admin.logentry", "pk": 14, "fields": {"action_time": "2021-05-02T10:52:09.517Z", "user": 1, "content_type": 13, "object_id": "7", "object_repr": "Ormo Potato Farls", "action_flag": 1, "change_message": "[{\"added\": {}}]"}}, {"model": "admin.logentry", "pk": 15, "fields": {"action_time": "2021-05-02T10:52:37.974Z", "user": 1, "content_type": 13, "object_id": "8", "object_repr": "Ormo Sodas", "action_flag": 1, "change_message": "[{\"added\": {}}]"}}, {"model": "admin.logentry", "pk": 16, "fields": {"action_time": "2021-05-02T10:53:03.061Z", "user": 1, "content_type": 13, "object_id": "9", "object_repr": "Sunblest Veda Malt Loaf", "action_flag": 1, "change_message": "[{\"added\": {}}]"}}, {"model": "admin.logentry", "pk": 17, "fields": {"action_time": "2021-05-03T10:54:27.611Z", "user": 1, "content_type": 13, "object_id": "10", "object_repr": "BPM Focus Energy Drink", "action_flag": 1, "change_message": "[{\"added\": {}}]"}}, {"model": "admin.logentry", "pk": 18, "fields": {"action_time": "2021-05-03T10:56:20.560Z", "user": 1, "content_type": 13, "object_id": "11", "object_repr": "Dale Farm Sukie Apple & Blackcurrant", "action_flag": 1, "change_message": "[{\"added\": {}}]"}}, {"model": "admin.logentry", "pk": 19, "fields": {"action_time": "2021-05-03T10:56:39.147Z", "user": 1, "content_type": 13, "object_id": "12", "object_repr": "Dale Farm Sukie Orange", "action_flag": 1, "change_message": "[{\"added\": {}}]"}}, {"model": "admin.logentry", "pk": 20, "fields": {"action_time": "2021-05-03T10:57:07.093Z", "user": 1, "content_type": 13, "object_id": "13", "object_repr": "Dale Farm Sukie Strawberry", "action_flag": 1, "change_message": "[{\"added\": {}}]"}}, {"model": "admin.logentry", "pk": 21, "fields": {"action_time": "2021-05-03T10:57:54.702Z", "user": 1, "content_type": 13, "object_id": "14", "object_repr": "Club Orange", "action_flag": 1, "change_message": "[{\"added\": {}}]"}}, {"model": "admin.logentry", "pk": 22, "fields": {"action_time": "2021-05-03T10:58:14.789Z", "user": 1, "content_type": 13, "object_id": "15", "object_repr": "Club Rock Shandy", "action_flag": 1, "change_message": "[{\"added\": {}}]"}}, {"model": "admin.logentry", "pk": 23, "fields": {"action_time": "2021-05-03T10:58:38.608Z", "user": 1, "content_type": 13, "object_id": "16", "object_repr": "Club Lemon", "action_flag": 1, "change_message": "[{\"added\": {}}]"}}, {"model": "admin.logentry", "pk": 24, "fields": {"action_time": "2021-05-03T10:59:06.915Z", "user": 1, "content_type": 13, "object_id": "17", "object_repr": "Maine Cloudy Lime", "action_flag": 1, "change_message": "[{\"added\": {}}]"}}, {"model": "admin.logentry", "pk": 25, "fields": {"action_time": "2021-05-03T10:59:32.352Z", "user": 1, "content_type": 13, "object_id": "18", "object_repr": "Maine Pineappleade", "action_flag": 1, "change_message": "[{\"added\": {}}]"}}, {"model": "admin.logentry", "pk": 26, "fields": {"action_time": "2021-05-03T10:59:52.015Z", "user": 1, "content_type": 13, "object_id": "19", "object_repr": "Maine Bubblegum", "action_flag": 1, "change_message": "[{\"added\": {}}]"}}, {"model": "admin.logentry", "pk": 27, "fields": {"action_time": "2021-05-03T11:01:34.569Z", "user": 1, "content_type": 13, "object_id": "20", "object_repr": "Maine Attaboy", "action_flag": 1, "change_message": "[{\"added\": {}}]"}}, {"model": "admin.logentry", "pk": 28, "fields": {"action_time": "2021-05-03T11:02:06.137Z", "user": 1, "content_type": 13, "object_id": "21", "object_repr": "Tayto Bikers", "action_flag": 1, "change_message": "[{\"added\": {}}]"}}, {"model": "admin.logentry", "pk": 29, "fields": {"action_time": "2021-05-03T11:02:26.749Z", "user": 1, "content_type": 13, "object_id": "22", "object_repr": "Tayto Cheese & Onion", "action_flag": 1, "change_message": "[{\"added\": {}}]"}}, {"model": "admin.logentry", "pk": 30, "fields": {"action_time": "2021-05-03T11:02:47.637Z", "user": 1, "content_type": 13, "object_id": "23", "object_repr": "Tayto Curry Chips", "action_flag": 1, "change_message": "[{\"added\": {}}]"}}, {"model": "admin.logentry", "pk": 31, "fields": {"action_time": "2021-05-03T11:03:07.650Z", "user": 1, "content_type": 13, "object_id": "24", "object_repr": "Tayto High Fives", "action_flag": 1, "change_message": "[{\"added\": {}}]"}}, {"model": "admin.logentry", "pk": 32, "fields": {"action_time": "2021-05-03T11:03:33.936Z", "user": 1, "content_type": 13, "object_id": "25", "object_repr": "Tayto Onion Rings", "action_flag": 1, "change_message": "[{\"added\": {}}]"}}, {"model": "admin.logentry", "pk": 33, "fields": {"action_time": "2021-05-03T11:03:59.669Z", "user": 1, "content_type": 13, "object_id": "26", "object_repr": "Tayto Pickled Onion", "action_flag": 1, "change_message": "[{\"added\": {}}]"}}, {"model": "admin.logentry", "pk": 34, "fields": {"action_time": "2021-05-03T11:04:20.957Z", "user": 1, "content_type": 13, "object_id": "27", "object_repr": "Tayto Prawn Cocktail", "action_flag": 1, "change_message": "[{\"added\": {}}]"}}, {"model": "admin.logentry", "pk": 35, "fields": {"action_time": "2021-05-03T11:04:39.089Z", "user": 1, "content_type": 13, "object_id": "28", "object_repr": "Tayto Roast Chicken", "action_flag": 1, "change_message": "[{\"added\": {}}]"}}, {"model": "admin.logentry", "pk": 36, "fields": {"action_time": "2021-05-03T11:04:57.606Z", "user": 1, "content_type": 13, "object_id": "29", "object_repr": "Tayto Smoky Bacon", "action_flag": 1, "change_message": "[{\"added\": {}}]"}}, {"model": "admin.logentry", "pk": 37, "fields": {"action_time": "2021-05-03T12:22:01.933Z", "user": 1, "content_type": 13, "object_id": "8", "object_repr": "Ormo Sodas", "action_flag": 2, "change_message": "[{\"changed\": {\"fields\": [\"Size\"]}}]"}}, {"model": "admin.logentry", "pk": 38, "fields": {"action_time": "2021-05-03T12:22:19.605Z", "user": 1, "content_type": 13, "object_id": "8", "object_repr": "Ormo Sodas", "action_flag": 2, "change_message": "[{\"changed\": {\"fields\": [\"Size\"]}}]"}}, {"model": "admin.logentry", "pk": 39, "fields": {"action_time": "2021-05-03T12:22:30.656Z", "user": 1, "content_type": 13, "object_id": "7", "object_repr": "Ormo Potato Farls", "action_flag": 2, "change_message": "[{\"changed\": {\"fields\": [\"Size\"]}}]"}}, {"model": "admin.logentry", "pk": 40, "fields": {"action_time": "2021-05-03T12:22:36.388Z", "user": 1, "content_type": 13, "object_id": "3", "object_repr": "Irwin's Potato Farls", "action_flag": 2, "change_message": "[{\"changed\": {\"fields\": [\"Size\"]}}]"}}, {"model": "admin.logentry", "pk": 41, "fields": {"action_time": "2021-05-03T12:22:45.280Z", "user": 1, "content_type": 13, "object_id": "4", "object_repr": "Irwin's Sliced Sodas", "action_flag": 2, "change_message": "[{\"changed\": {\"fields\": [\"Size\"]}}]"}}, {"model": "admin.logentry", "pk": 42, "fields": {"action_time": "2021-05-03T12:34:18.232Z", "user": 1, "content_type": 13, "object_id": "29", "object_repr": "Tayto Smoky Bacon", "action_flag": 2, "change_message": "[{\"changed\": {\"fields\": [\"Brand\"]}}]"}}, {"model": "admin.logentry", "pk": 43, "fields": {"action_time": "2021-05-03T12:34:48.347Z", "user": 1, "content_type": 13, "object_id": "28", "object_repr": "Tayto Roast Chicken", "action_flag": 2, "change_message": "[{\"changed\": {\"fields\": [\"Brand\"]}}]"}}, {"model": "admin.logentry", "pk": 44, "fields": {"action_time": "2021-05-03T12:34:52.969Z", "user": 1, "content_type": 13, "object_id": "27", "object_repr": "Tayto Prawn Cocktail", "action_flag": 2, "change_message": "[{\"changed\": {\"fields\": [\"Brand\"]}}]"}}, {"model": "admin.logentry", "pk": 45, "fields": {"action_time": "2021-05-03T12:45:35.303Z", "user": 1, "content_type": 13, "object_id": "29", "object_repr": "Tayto Smoky Bacon", "action_flag": 2, "change_message": "[{\"changed\": {\"fields\": [\"Brand\"]}}]"}}, {"model": "admin.logentry", "pk": 46, "fields": {"action_time": "2021-05-03T12:45:38.756Z", "user": 1, "content_type": 13, "object_id": "28", "object_repr": "Tayto Roast Chicken", "action_flag": 2, "change_message": "[{\"changed\": {\"fields\": [\"Brand\"]}}]"}}, {"model": "admin.logentry", "pk": 47, "fields": {"action_time": "2021-05-03T12:45:42.042Z", "user": 1, "content_type": 13, "object_id": "27", "object_repr": "Tayto Prawn Cocktail", "action_flag": 2, "change_message": "[{\"changed\": {\"fields\": [\"Brand\"]}}]"}}, {"model": "admin.logentry", "pk": 48, "fields": {"action_time": "2021-05-03T12:45:46.576Z", "user": 1, "content_type": 13, "object_id": "27", "object_repr": "Tayto Prawn Cocktail", "action_flag": 2, "change_message": "[]"}}, {"model": "admin.logentry", "pk": 49, "fields": {"action_time": "2021-05-03T12:45:49.601Z", "user": 1, "content_type": 13, "object_id": "26", "object_repr": "Tayto Pickled Onion", "action_flag": 2, "change_message": "[]"}}, {"model": "admin.logentry", "pk": 50, "fields": {"action_time": "2021-05-03T12:45:52.018Z", "user": 1, "content_type": 13, "object_id": "25", "object_repr": "Tayto Onion Rings", "action_flag": 2, "change_message": "[]"}}, {"model": "admin.logentry", "pk": 51, "fields": {"action_time": "2021-05-03T12:50:13.423Z", "user": 1, "content_type": 15, "object_id": "1", "object_repr": "Tayto", "action_flag": 1, "change_message": "[{\"added\": {}}]"}}, {"model": "admin.logentry", "pk": 52, "fields": {"action_time": "2021-05-03T12:50:20.838Z", "user": 1, "content_type": 15, "object_id": "2", "object_repr": "Irwin's", "action_flag": 1, "change_message": "[{\"added\": {}}]"}}, {"model": "admin.logentry", "pk": 53, "fields": {"action_time": "2021-05-03T12:50:54.516Z", "user": 1, "content_type": 15, "object_id": "3", "object_repr": "Ormo", "action_flag": 1, "change_message": "[{\"added\": {}}]"}}, {"model": "admin.logentry", "pk": 54, "fields": {"action_time": "2021-05-03T12:50:58.984Z", "user": 1, "content_type": 15, "object_id": "4", "object_repr": "Maine", "action_flag": 1, "change_message": "[{\"added\": {}}]"}}, {"model": "admin.logentry", "pk": 55, "fields": {"action_time": "2021-05-03T12:51:07.624Z", "user": 1, "content_type": 15, "object_id": "5", "object_repr": "Dale Farm", "action_flag": 1, "change_message": "[{\"added\": {}}]"}}, {"model": "admin.logentry", "pk": 56, "fields": {"action_time": "2021-05-03T12:51:11.584Z", "user": 1, "content_type": 15, "object_id": "6", "object_repr": "BPM", "action_flag": 1, "change_message": "[{\"added\": {}}]"}}, {"model": "admin.logentry", "pk": 57, "fields": {"action_time": "2021-05-03T12:51:23.363Z", "user": 1, "content_type": 15, "object_id": "7", "object_repr": "Genesis Crafty", "action_flag": 1, "change_message": "[{\"added\": {}}]"}}, {"model": "admin.logentry", "pk": 58, "fields": {"action_time": "2021-05-03T12:51:56.168Z", "user": 1, "content_type": 13, "object_id": "29", "object_repr": "Tayto Smoky Bacon", "action_flag": 2, "change_message": "[{\"changed\": {\"fields\": [\"Brand\"]}}]"}}, {"model": "admin.logentry", "pk": 59, "fields": {"action_time": "2021-05-03T12:52:03.027Z", "user": 1, "content_type": 13, "object_id": "28", "object_repr": "Tayto Roast Chicken", "action_flag": 2, "change_message": "[{\"changed\": {\"fields\": [\"Brand\"]}}]"}}, {"model": "admin.logentry", "pk": 60, "fields": {"action_time": "2021-05-03T12:52:12.647Z", "user": 1, "content_type": 13, "object_id": "27", "object_repr": "Tayto Prawn Cocktail", "action_flag": 2, "change_message": "[{\"changed\": {\"fields\": [\"Brand\"]}}]"}}, {"model": "admin.logentry", "pk": 61, "fields": {"action_time": "2021-05-03T12:52:18.036Z", "user": 1, "content_type": 13, "object_id": "26", "object_repr": "Tayto Pickled Onion", "action_flag": 2, "change_message": "[{\"changed\": {\"fields\": [\"Brand\"]}}]"}}, {"model": "admin.logentry", "pk": 62, "fields": {"action_time": "2021-05-03T12:52:22.301Z", "user": 1, "content_type": 13, "object_id": "25", "object_repr": "Tayto Onion Rings", "action_flag": 2, "change_message": "[{\"changed\": {\"fields\": [\"Brand\"]}}]"}}, {"model": "admin.logentry", "pk": 63, "fields": {"action_time": "2021-05-03T12:52:26.537Z", "user": 1, "content_type": 13, "object_id": "24", "object_repr": "Tayto High Fives", "action_flag": 2, "change_message": "[{\"changed\": {\"fields\": [\"Brand\"]}}]"}}, {"model": "admin.logentry", "pk": 64, "fields": {"action_time": "2021-05-03T12:52:32.242Z", "user": 1, "content_type": 13, "object_id": "23", "object_repr": "Tayto Curry Chips", "action_flag": 2, "change_message": "[{\"changed\": {\"fields\": [\"Brand\"]}}]"}}, {"model": "admin.logentry", "pk": 65, "fields": {"action_time": "2021-05-03T12:52:37.564Z", "user": 1, "content_type": 13, "object_id": "22", "object_repr": "Tayto Cheese & Onion", "action_flag": 2, "change_message": "[{\"changed\": {\"fields\": [\"Brand\"]}}]"}}, {"model": "admin.logentry", "pk": 66, "fields": {"action_time": "2021-05-03T12:52:41.310Z", "user": 1, "content_type": 13, "object_id": "21", "object_repr": "Tayto Bikers", "action_flag": 2, "change_message": "[{\"changed\": {\"fields\": [\"Brand\"]}}]"}}, {"model": "admin.logentry", "pk": 67, "fields": {"action_time": "2021-05-03T12:52:46.867Z", "user": 1, "content_type": 13, "object_id": "20", "object_repr": "Maine Attaboy", "action_flag": 2, "change_message": "[{\"changed\": {\"fields\": [\"Brand\"]}}]"}}, {"model": "admin.logentry", "pk": 68, "fields": {"action_time": "2021-05-03T12:52:53.291Z", "user": 1, "content_type": 13, "object_id": "19", "object_repr": "Maine Bubblegum", "action_flag": 2, "change_message": "[{\"changed\": {\"fields\": [\"Brand\"]}}]"}}, {"model": "admin.logentry", "pk": 69, "fields": {"action_time": "2021-05-03T12:57:02.942Z", "user": 1, "content_type": 13, "object_id": "18", "object_repr": "Maine Pineappleade", "action_flag": 2, "change_message": "[{\"changed\": {\"fields\": [\"Brand\"]}}]"}}, {"model": "admin.logentry", "pk": 70, "fields": {"action_time": "2021-05-03T12:57:21.476Z", "user": 1, "content_type": 14, "object_id": "3", "object_repr": "Snacks", "action_flag": 2, "change_message": "[{\"changed\": {\"fields\": [\"Name\"]}}]"}}, {"model": "admin.logentry", "pk": 71, "fields": {"action_time": "2021-05-03T12:57:26.537Z", "user": 1, "content_type": 14, "object_id": "2", "object_repr": "Drinks", "action_flag": 2, "change_message": "[{\"changed\": {\"fields\": [\"Name\"]}}]"}}, {"model": "admin.logentry", "pk": 72, "fields": {"action_time": "2021-05-03T12:57:32.996Z", "user": 1, "content_type": 14, "object_id": "1", "object_repr": "Breads", "action_flag": 2, "change_message": "[{\"changed\": {\"fields\": [\"Name\"]}}]"}}, {"model": "admin.logentry", "pk": 73, "fields": {"action_time": "2021-05-03T12:58:15.673Z", "user": 1, "content_type": 13, "object_id": "29", "object_repr": "Tayto Smoky Bacon", "action_flag": 2, "change_message": "[{\"changed\": {\"fields\": [\"Brand\"]}}]"}}, {"model": "admin.logentry", "pk": 74, "fields": {"action_time": "2021-05-03T12:58:20.296Z", "user": 1, "content_type": 13, "object_id": "28", "object_repr": "Tayto Roast Chicken", "action_flag": 2, "change_message": "[{\"changed\": {\"fields\": [\"Brand\"]}}]"}}, {"model": "admin.logentry", "pk": 75, "fields": {"action_time": "2021-05-03T12:58:24.268Z", "user": 1, "content_type": 13, "object_id": "27", "object_repr": "Tayto Prawn Cocktail", "action_flag": 2, "change_message": "[{\"changed\": {\"fields\": [\"Brand\"]}}]"}}, {"model": "admin.logentry", "pk": 76, "fields": {"action_time": "2021-05-03T12:58:29.634Z", "user": 1, "content_type": 13, "object_id": "26", "object_repr": "Tayto Pickled Onion", "action_flag": 2, "change_message": "[{\"changed\": {\"fields\": [\"Brand\"]}}]"}}, {"model": "admin.logentry", "pk": 77, "fields": {"action_time": "2021-05-03T12:58:33.595Z", "user": 1, "content_type": 13, "object_id": "25", "object_repr": "Tayto Onion Rings", "action_flag": 2, "change_message": "[{\"changed\": {\"fields\": [\"Brand\"]}}]"}}, {"model": "admin.logentry", "pk": 78, "fields": {"action_time": "2021-05-03T12:58:37.127Z", "user": 1, "content_type": 13, "object_id": "24", "object_repr": "Tayto High Fives", "action_flag": 2, "change_message": "[{\"changed\": {\"fields\": [\"Brand\"]}}]"}}, {"model": "admin.logentry", "pk": 79, "fields": {"action_time": "2021-05-03T12:58:41.243Z", "user": 1, "content_type": 13, "object_id": "23", "object_repr": "Tayto Curry Chips", "action_flag": 2, "change_message": "[{\"changed\": {\"fields\": [\"Brand\"]}}]"}}, {"model": "admin.logentry", "pk": 80, "fields": {"action_time": "2021-05-03T12:58:46.701Z", "user": 1, "content_type": 13, "object_id": "22", "object_repr": "Tayto Cheese & Onion", "action_flag": 2, "change_message": "[{\"changed\": {\"fields\": [\"Brand\"]}}]"}}, {"model": "admin.logentry", "pk": 81, "fields": {"action_time": "2021-05-03T12:58:50.751Z", "user": 1, "content_type": 13, "object_id": "21", "object_repr": "Tayto Bikers", "action_flag": 2, "change_message": "[{\"changed\": {\"fields\": [\"Brand\"]}}]"}}, {"model": "admin.logentry", "pk": 82, "fields": {"action_time": "2021-05-03T12:58:56.736Z", "user": 1, "content_type": 13, "object_id": "20", "object_repr": "Maine Attaboy", "action_flag": 2, "change_message": "[{\"changed\": {\"fields\": [\"Brand\"]}}]"}}, {"model": "admin.logentry", "pk": 83, "fields": {"action_time": "2021-05-03T12:59:00.675Z", "user": 1, "content_type": 13, "object_id": "19", "object_repr": "Maine Bubblegum", "action_flag": 2, "change_message": "[{\"changed\": {\"fields\": [\"Brand\"]}}]"}}, {"model": "admin.logentry", "pk": 84, "fields": {"action_time": "2021-05-03T12:59:04.679Z", "user": 1, "content_type": 13, "object_id": "17", "object_repr": "Maine Cloudy Lime", "action_flag": 2, "change_message": "[]"}}, {"model": "admin.logentry", "pk": 85, "fields": {"action_time": "2021-05-03T12:59:09.583Z", "user": 1, "content_type": 13, "object_id": "18", "object_repr": "Maine Pineappleade", "action_flag": 2, "change_message": "[{\"changed\": {\"fields\": [\"Brand\"]}}]"}}, {"model": "admin.logentry", "pk": 86, "fields": {"action_time": "2021-05-03T12:59:16.184Z", "user": 1, "content_type": 15, "object_id": "7", "object_repr": "Genesis Crafty", "action_flag": 3, "change_message": ""}}, {"model": "admin.logentry", "pk": 87, "fields": {"action_time": "2021-05-03T12:59:16.191Z", "user": 1, "content_type": 15, "object_id": "6", "object_repr": "BPM", "action_flag": 3, "change_message": ""}}, {"model": "admin.logentry", "pk": 88, "fields": {"action_time": "2021-05-03T12:59:16.194Z", "user": 1, "content_type": 15, "object_id": "5", "object_repr": "Dale Farm", "action_flag": 3, "change_message": ""}}, {"model": "admin.logentry", "pk": 89, "fields": {"action_time": "2021-05-03T12:59:16.196Z", "user": 1, "content_type": 15, "object_id": "4", "object_repr": "Maine", "action_flag": 3, "change_message": ""}}, {"model": "admin.logentry", "pk": 90, "fields": {"action_time": "2021-05-03T12:59:16.198Z", "user": 1, "content_type": 15, "object_id": "3", "object_repr": "Ormo", "action_flag": 3, "change_message": ""}}, {"model": "admin.logentry", "pk": 91, "fields": {"action_time": "2021-05-03T12:59:16.200Z", "user": 1, "content_type": 15, "object_id": "2", "object_repr": "Irwin's", "action_flag": 3, "change_message": ""}}, {"model": "admin.logentry", "pk": 92, "fields": {"action_time": "2021-05-03T12:59:16.203Z", "user": 1, "content_type": 15, "object_id": "1", "object_repr": "Tayto", "action_flag": 3, "change_message": ""}}, {"model": "admin.logentry", "pk": 93, "fields": {"action_time": "2021-05-03T13:02:01.000Z", "user": 1, "content_type": 13, "object_id": "29", "object_repr": "Tayto Smoky Bacon", "action_flag": 2, "change_message": "[{\"changed\": {\"fields\": [\"Brand\"]}}]"}}, {"model": "admin.logentry", "pk": 94, "fields": {"action_time": "2021-05-03T13:02:04.981Z", "user": 1, "content_type": 13, "object_id": "28", "object_repr": "Tayto Roast Chicken", "action_flag": 2, "change_message": "[{\"changed\": {\"fields\": [\"Brand\"]}}]"}}, {"model": "admin.logentry", "pk": 95, "fields": {"action_time": "2021-05-03T13:02:11.126Z", "user": 1, "content_type": 13, "object_id": "27", "object_repr": "Tayto Prawn Cocktail", "action_flag": 2, "change_message": "[{\"changed\": {\"fields\": [\"Brand\"]}}]"}}, {"model": "admin.logentry", "pk": 96, "fields": {"action_time": "2021-05-03T13:02:14.590Z", "user": 1, "content_type": 13, "object_id": "26", "object_repr": "Tayto Pickled Onion", "action_flag": 2, "change_message": "[{\"changed\": {\"fields\": [\"Brand\"]}}]"}}, {"model": "admin.logentry", "pk": 97, "fields": {"action_time": "2021-05-03T13:02:18.348Z", "user": 1, "content_type": 13, "object_id": "25", "object_repr": "Tayto Onion Rings", "action_flag": 2, "change_message": "[{\"changed\": {\"fields\": [\"Brand\"]}}]"}}, {"model": "admin.logentry", "pk": 98, "fields": {"action_time": "2021-05-03T13:02:22.353Z", "user": 1, "content_type": 13, "object_id": "24", "object_repr": "Tayto High Fives", "action_flag": 2, "change_message": "[{\"changed\": {\"fields\": [\"Brand\"]}}]"}}, {"model": "admin.logentry", "pk": 99, "fields": {"action_time": "2021-05-03T13:02:26.718Z", "user": 1, "content_type": 13, "object_id": "23", "object_repr": "Tayto Curry Chips", "action_flag": 2, "change_message": "[{\"changed\": {\"fields\": [\"Brand\"]}}]"}}, {"model": "admin.logentry", "pk": 100, "fields": {"action_time": "2021-05-03T13:02:30.273Z", "user": 1, "content_type": 13, "object_id": "22", "object_repr": "Tayto Cheese & Onion", "action_flag": 2, "change_message": "[{\"changed\": {\"fields\": [\"Brand\"]}}]"}}, {"model": "admin.logentry", "pk": 101, "fields": {"action_time": "2021-05-03T13:02:34.863Z", "user": 1, "content_type": 13, "object_id": "21", "object_repr": "Tayto Bikers", "action_flag": 2, "change_message": "[{\"changed\": {\"fields\": [\"Brand\"]}}]"}}, {"model": "admin.logentry", "pk": 102, "fields": {"action_time": "2021-05-03T13:02:40.957Z", "user": 1, "content_type": 13, "object_id": "20", "object_repr": "Maine Attaboy", "action_flag": 2, "change_message": "[{\"changed\": {\"fields\": [\"Brand\"]}}]"}}, {"model": "admin.logentry", "pk": 103, "fields": {"action_time": "2021-05-03T13:02:45.202Z", "user": 1, "content_type": 13, "object_id": "19", "object_repr": "Maine Bubblegum", "action_flag": 2, "change_message": "[{\"changed\": {\"fields\": [\"Brand\"]}}]"}}, {"model": "admin.logentry", "pk": 104, "fields": {"action_time": "2021-05-03T13:02:49.601Z", "user": 1, "content_type": 13, "object_id": "18", "object_repr": "Maine Pineappleade", "action_flag": 2, "change_message": "[{\"changed\": {\"fields\": [\"Brand\"]}}]"}}, {"model": "admin.logentry", "pk": 105, "fields": {"action_time": "2021-05-03T13:02:55.960Z", "user": 1, "content_type": 13, "object_id": "17", "object_repr": "Maine Cloudy Lime", "action_flag": 2, "change_message": "[{\"changed\": {\"fields\": [\"Brand\"]}}]"}}, {"model": "admin.logentry", "pk": 106, "fields": {"action_time": "2021-05-03T13:03:03.282Z", "user": 1, "content_type": 13, "object_id": "16", "object_repr": "Club Lemon", "action_flag": 2, "change_message": "[{\"changed\": {\"fields\": [\"Brand\"]}}]"}}, {"model": "admin.logentry", "pk": 107, "fields": {"action_time": "2021-05-03T13:03:07.240Z", "user": 1, "content_type": 13, "object_id": "15", "object_repr": "Club Rock Shandy", "action_flag": 2, "change_message": "[{\"changed\": {\"fields\": [\"Brand\"]}}]"}}, {"model": "admin.logentry", "pk": 108, "fields": {"action_time": "2021-05-03T13:03:12.180Z", "user": 1, "content_type": 13, "object_id": "14", "object_repr": "Club Orange", "action_flag": 2, "change_message": "[{\"changed\": {\"fields\": [\"Brand\"]}}]"}}, {"model": "admin.logentry", "pk": 109, "fields": {"action_time": "2021-05-03T13:03:39.248Z", "user": 1, "content_type": 13, "object_id": "13", "object_repr": "Dale Farm Sukie Strawberry", "action_flag": 2, "change_message": "[{\"changed\": {\"fields\": [\"Brand\"]}}]"}}, {"model": "admin.logentry", "pk": 110, "fields": {"action_time": "2021-05-03T13:03:48.630Z", "user": 1, "content_type": 13, "object_id": "12", "object_repr": "Sukie Orange", "action_flag": 2, "change_message": "[{\"changed\": {\"fields\": [\"Name\", \"Brand\"]}}]"}}, {"model": "admin.logentry", "pk": 111, "fields": {"action_time": "2021-05-03T13:03:55.731Z", "user": 1, "content_type": 13, "object_id": "13", "object_repr": "Sukie Strawberry", "action_flag": 2, "change_message": "[{\"changed\": {\"fields\": [\"Name\"]}}]"}}, {"model": "admin.logentry", "pk": 112, "fields": {"action_time": "2021-05-03T13:04:05.202Z", "user": 1, "content_type": 13, "object_id": "11", "object_repr": "Sukie Apple & Blackcurrant", "action_flag": 2, "change_message": "[{\"changed\": {\"fields\": [\"Name\", \"Brand\"]}}]"}}, {"model": "admin.logentry", "pk": 113, "fields": {"action_time": "2021-05-03T13:04:10.658Z", "user": 1, "content_type": 13, "object_id": "10", "object_repr": "BPM Focus Energy Drink", "action_flag": 2, "change_message": "[{\"changed\": {\"fields\": [\"Brand\"]}}]"}}, {"model": "admin.logentry", "pk": 114, "fields": {"action_time": "2021-05-03T13:04:18.073Z", "user": 1, "content_type": 13, "object_id": "9", "object_repr": "Sunblest Veda Malt Loaf", "action_flag": 2, "change_message": "[{\"changed\": {\"fields\": [\"Brand\"]}}]"}}, {"model": "admin.logentry", "pk": 115, "fields": {"action_time": "2021-05-03T13:04:24.540Z", "user": 1, "content_type": 13, "object_id": "8", "object_repr": "Ormo Sodas", "action_flag": 2, "change_message": "[{\"changed\": {\"fields\": [\"Brand\"]}}]"}}, {"model": "admin.logentry", "pk": 116, "fields": {"action_time": "2021-05-03T13:04:32.808Z", "user": 1, "content_type": 13, "object_id": "6", "object_repr": "Irwin's Wheaten Bread", "action_flag": 2, "change_message": "[{\"changed\": {\"fields\": [\"Brand\"]}}]"}}, {"model": "admin.logentry", "pk": 117, "fields": {"action_time": "2021-05-03T13:04:40.486Z", "user": 1, "content_type": 13, "object_id": "7", "object_repr": "Ormo Potato Farls", "action_flag": 2, "change_message": "[{\"changed\": {\"fields\": [\"Brand\"]}}]"}}, {"model": "admin.logentry", "pk": 118, "fields": {"action_time": "2021-05-03T13:04:49.097Z", "user": 1, "content_type": 13, "object_id": "5", "object_repr": "Irwin's Veda Malt Loaf", "action_flag": 2, "change_message": "[{\"changed\": {\"fields\": [\"Brand\"]}}]"}}, {"model": "admin.logentry", "pk": 119, "fields": {"action_time": "2021-05-03T13:04:55.613Z", "user": 1, "content_type": 13, "object_id": "4", "object_repr": "Irwin's Sliced Sodas", "action_flag": 2, "change_message": "[{\"changed\": {\"fields\": [\"Brand\"]}}]"}}, {"model": "admin.logentry", "pk": 120, "fields": {"action_time": "2021-05-03T13:05:00.901Z", "user": 1, "content_type": 13, "object_id": "3", "object_repr": "Irwin's Potato Farls", "action_flag": 2, "change_message": "[{\"changed\": {\"fields\": [\"Brand\"]}}]"}}, {"model": "admin.logentry", "pk": 121, "fields": {"action_time": "2021-05-03T13:05:05.895Z", "user": 1, "content_type": 13, "object_id": "2", "object_repr": "Irwin's Nutty Krust", "action_flag": 2, "change_message": "[{\"changed\": {\"fields\": [\"Brand\"]}}]"}}, {"model": "admin.logentry", "pk": 122, "fields": {"action_time": "2021-05-03T13:05:14.626Z", "user": 1, "content_type": 13, "object_id": "1", "object_repr": "Genesis Crafty Toaster Wheaten Bread", "action_flag": 2, "change_message": "[{\"changed\": {\"fields\": [\"Brand\"]}}]"}}, {"model": "admin.logentry", "pk": 123, "fields": {"action_time": "2021-05-06T15:18:27.777Z", "user": 1, "content_type": 13, "object_id": "1", "object_repr": "Genesis Crafty Toaster Wheaten Bread", "action_flag": 2, "change_message": "[{\"changed\": {\"fields\": [\"Description\"]}}]"}}, {"model": "admin.logentry", "pk": 124, "fields": {"action_time": "2021-05-06T20:55:03.406Z", "user": 1, "content_type": 13, "object_id": "2", "object_repr": "Irwin's Nutty Krust", "action_flag": 2, "change_message": "[{\"changed\": {\"fields\": [\"Description\"]}}]"}}, {"model": "admin.logentry", "pk": 125, "fields": {"action_time": "2021-05-09T13:50:43.225Z", "user": 1, "content_type": 13, "object_id": "1", "object_repr": "Genesis Crafty Toaster Wheaten Bread", "action_flag": 2, "change_message": "[{\"changed\": {\"fields\": [\"Description\"]}}]"}}, {"model": "admin.logentry", "pk": 126, "fields": {"action_time": "2021-05-09T13:51:29.562Z", "user": 1, "content_type": 13, "object_id": "5", "object_repr": "Irwin's Veda Malt Loaf", "action_flag": 2, "change_message": "[{\"changed\": {\"fields\": [\"Description\"]}}]"}}, {"model": "admin.logentry", "pk": 127, "fields": {"action_time": "2021-05-09T13:51:56.063Z", "user": 1, "content_type": 13, "object_id": "8", "object_repr": "Ormo Sodas", "action_flag": 2, "change_message": "[{\"changed\": {\"fields\": [\"Description\"]}}]"}}, {"model": "admin.logentry", "pk": 128, "fields": {"action_time": "2021-05-09T13:52:43.028Z", "user": 1, "content_type": 13, "object_id": "8", "object_repr": "Ormo Sodas", "action_flag": 2, "change_message": "[{\"changed\": {\"fields\": [\"Description\"]}}]"}}, {"model": "admin.logentry", "pk": 129, "fields": {"action_time": "2021-05-09T13:52:50.847Z", "user": 1, "content_type": 13, "object_id": "7", "object_repr": "Ormo Potato Farls", "action_flag": 2, "change_message": "[{\"changed\": {\"fields\": [\"Description\"]}}]"}}, {"model": "admin.logentry", "pk": 130, "fields": {"action_time": "2021-05-09T16:06:26.622Z", "user": 1, "content_type": 8, "object_id": "2", "object_repr": "test@test.com", "action_flag": 2, "change_message": "[{\"changed\": {\"fields\": [\"Verified\"]}}]"}}, {"model": "admin.logentry", "pk": 131, "fields": {"action_time": "2021-05-14T17:00:08.329Z", "user": 1, "content_type": 16, "object_id": "1", "object_repr": "This is a test", "action_flag": 1, "change_message": "[{\"added\": {}}]"}}, {"model": "admin.logentry", "pk": 132, "fields": {"action_time": "2021-06-01T10:50:29.565Z", "user": 1, "content_type": 16, "object_id": "2", "object_repr": "This is another test", "action_flag": 1, "change_message": "[{\"added\": {}}]"}}, {"model": "admin.logentry", "pk": 133, "fields": {"action_time": "2021-06-10T19:33:30.688Z", "user": 1, "content_type": 20, "object_id": "1", "object_repr": "The Wee Box", "action_flag": 1, "change_message": "[{\"added\": {}}]"}}, {"model": "admin.logentry", "pk": 134, "fields": {"action_time": "2021-06-10T19:35:11.105Z", "user": 1, "content_type": 20, "object_id": "2", "object_repr": "The Wee Bit Bigger Box", "action_flag": 1, "change_message": "[{\"added\": {}}]"}}, {"model": "admin.logentry", "pk": 135, "fields": {"action_time": "2021-06-10T19:35:47.726Z", "user": 1, "content_type": 20, "object_id": "2", "object_repr": "The Big Lad Box", "action_flag": 2, "change_message": "[{\"changed\": {\"fields\": [\"Name\"]}}]"}}, {"model": "admin.logentry", "pk": 136, "fields": {"action_time": "2021-06-12T16:27:43.535Z", "user": 1, "content_type": 17, "object_id": "4", "object_repr": "8B361BCBDD2E42748199B15D9752B171", "action_flag": 3, "change_message": ""}}, {"model": "admin.logentry", "pk": 137, "fields": {"action_time": "2021-06-12T16:27:43.545Z", "user": 1, "content_type": 17, "object_id": "3", "object_repr": "6C9D43E61E9848758DC865B3F93BEA78", "action_flag": 3, "change_message": ""}}, {"model": "admin.logentry", "pk": 138, "fields": {"action_time": "2021-06-12T16:27:43.547Z", "user": 1, "content_type": 17, "object_id": "2", "object_repr": "52C0C362BDD442D39357D60626FAC715", "action_flag": 3, "change_message": ""}}, {"model": "admin.logentry", "pk": 139, "fields": {"action_time": "2021-06-12T16:27:43.549Z", "user": 1, "content_type": 17, "object_id": "1", "object_repr": "A84C1C3E9DB3431CB612E80781F94734", "action_flag": 3, "change_message": ""}}, {"model": "admin.logentry", "pk": 140, "fields": {"action_time": "2021-06-13T13:39:09.417Z", "user": 1, "content_type": 17, "object_id": "11", "object_repr": "7196F13AC5224F7293499D7FF5DFEF14", "action_flag": 3, "change_message": ""}}, {"model": "admin.logentry", "pk": 141, "fields": {"action_time": "2021-06-13T13:39:09.421Z", "user": 1, "content_type": 17, "object_id": "10", "object_repr": "6D5E2BC4CF4D4E609132B3376C15FCB4", "action_flag": 3, "change_message": ""}}, {"model": "admin.logentry", "pk": 142, "fields": {"action_time": "2021-06-13T13:39:09.423Z", "user": 1, "content_type": 17, "object_id": "9", "object_repr": "5CB77CE1AED64D5596035576FFBE5759", "action_flag": 3, "change_message": ""}}, {"model": "admin.logentry", "pk": 143, "fields": {"action_time": "2021-06-13T13:39:09.425Z", "user": 1, "content_type": 17, "object_id": "8", "object_repr": "1CEA16EDD7664C1F9F4164B0C3F64295", "action_flag": 3, "change_message": ""}}, {"model": "admin.logentry", "pk": 144, "fields": {"action_time": "2021-06-13T13:39:09.427Z", "user": 1, "content_type": 17, "object_id": "7", "object_repr": "9CB8790896A343B8B690B29FE2B1FC1C", "action_flag": 3, "change_message": ""}}, {"model": "admin.logentry", "pk": 145, "fields": {"action_time": "2021-06-13T13:39:09.429Z", "user": 1, "content_type": 17, "object_id": "6", "object_repr": "00839897A01A4EE1BD187DB5C72ABA47", "action_flag": 3, "change_message": ""}}, {"model": "admin.logentry", "pk": 146, "fields": {"action_time": "2021-06-13T13:39:09.431Z", "user": 1, "content_type": 17, "object_id": "5", "object_repr": "7B400350D1DC4C5FB9CFA607AEE290D6", "action_flag": 3, "change_message": ""}}, {"model": "admin.logentry", "pk": 147, "fields": {"action_time": "2021-06-13T13:39:37.546Z", "user": 1, "content_type": 7, "object_id": "1", "object_repr": "theweenornironbox.com", "action_flag": 2, "change_message": "[{\"changed\": {\"fields\": [\"Domain name\"]}}]"}}, {"model": "admin.logentry", "pk": 148, "fields": {"action_time": "2021-06-16T12:33:15.151Z", "user": 1, "content_type": 17, "object_id": "16", "object_repr": "BB67936ACA7949FF8B7349965BD43EAC", "action_flag": 3, "change_message": ""}}, {"model": "admin.logentry", "pk": 149, "fields": {"action_time": "2021-06-16T12:33:15.154Z", "user": 1, "content_type": 17, "object_id": "15", "object_repr": "55A84774DE2B4EA0BBF47A14690DB50E", "action_flag": 3, "change_message": ""}}, {"model": "admin.logentry", "pk": 150, "fields": {"action_time": "2021-06-16T12:33:15.157Z", "user": 1, "content_type": 17, "object_id": "14", "object_repr": "29505A2B787E4BA08E661ABCA59511C0", "action_flag": 3, "change_message": ""}}, {"model": "admin.logentry", "pk": 151, "fields": {"action_time": "2021-06-16T12:33:15.159Z", "user": 1, "content_type": 17, "object_id": "13", "object_repr": "6F0B28DDFB3B4EF5B004ABE3769BC00A", "action_flag": 3, "change_message": ""}}, {"model": "admin.logentry", "pk": 152, "fields": {"action_time": "2021-06-16T12:33:15.161Z", "user": 1, "content_type": 17, "object_id": "12", "object_repr": "CBC14E0802FA4B779DA5CF292EB14F6A", "action_flag": 3, "change_message": ""}}, {"model": "admin.logentry", "pk": 153, "fields": {"action_time": "2021-06-16T22:11:38.110Z", "user": 1, "content_type": 16, "object_id": "2", "object_repr": "This is another test", "action_flag": 2, "change_message": "[]"}}, {"model": "admin.logentry", "pk": 154, "fields": {"action_time": "2021-06-16T22:11:51.509Z", "user": 1, "content_type": 16, "object_id": "2", "object_repr": "This is another test", "action_flag": 3, "change_message": ""}}, {"model": "admin.logentry", "pk": 155, "fields": {"action_time": "2021-06-16T22:11:51.517Z", "user": 1, "content_type": 16, "object_id": "1", "object_repr": "This is a test", "action_flag": 3, "change_message": ""}}, {"model": "admin.logentry", "pk": 156, "fields": {"action_time": "2021-06-17T17:34:50.927Z", "user": 1, "content_type": 22, "object_id": "1", "object_repr": "test", "action_flag": 3, "change_message": ""}}, {"model": "admin.logentry", "pk": 157, "fields": {"action_time": "2021-06-17T17:45:01.827Z", "user": 1, "content_type": 22, "object_id": "2", "object_repr": "", "action_flag": 3, "change_message": ""}}, {"model": "admin.logentry", "pk": 158, "fields": {"action_time": "2021-06-20T13:19:39.971Z", "user": 1, "content_type": 8, "object_id": "3", "object_repr": "test2@test.com", "action_flag": 3, "change_message": ""}}, {"model": "admin.logentry", "pk": 159, "fields": {"action_time": "2021-06-20T13:21:05.591Z", "user": 1, "content_type": 4, "object_id": "3", "object_repr": "TestUser2", "action_flag": 3, "change_message": ""}}, {"model": "admin.logentry", "pk": 160, "fields": {"action_time": "2021-06-20T13:21:25.212Z", "user": 1, "content_type": 22, "object_id": "4", "object_repr": "Test Review", "action_flag": 3, "change_message": ""}}, {"model": "admin.logentry", "pk": 161, "fields": {"action_time": "2021-06-20T13:21:25.214Z", "user": 1, "content_type": 22, "object_id": "3", "object_repr": "Test Review", "action_flag": 3, "change_message": ""}}, {"model": "admin.logentry", "pk": 162, "fields": {"action_time": "2021-06-20T16:48:34.198Z", "user": 1, "content_type": 8, "object_id": "5", "object_repr": "test3@test.com", "action_flag": 3, "change_message": ""}}, {"model": "admin.logentry", "pk": 163, "fields": {"action_time": "2021-06-20T16:48:34.200Z", "user": 1, "content_type": 8, "object_id": "4", "object_repr": "test2@test.com", "action_flag": 3, "change_message": ""}}, {"model": "admin.logentry", "pk": 164, "fields": {"action_time": "2021-06-20T16:48:45.226Z", "user": 1, "content_type": 4, "object_id": "4", "object_repr": "TestUser2", "action_flag": 3, "change_message": ""}}, {"model": "admin.logentry", "pk": 165, "fields": {"action_time": "2021-06-20T16:48:45.234Z", "user": 1, "content_type": 4, "object_id": "5", "object_repr": "TestUser3", "action_flag": 3, "change_message": ""}}, {"model": "admin.logentry", "pk": 166, "fields": {"action_time": "2021-06-20T16:49:01.604Z", "user": 1, "content_type": 17, "object_id": "14", "object_repr": "94888A02027D4DDAA8652E79CA1697E8", "action_flag": 3, "change_message": ""}}, {"model": "admin.logentry", "pk": 167, "fields": {"action_time": "2021-06-20T16:49:01.608Z", "user": 1, "content_type": 17, "object_id": "13", "object_repr": "11B1EB4AE1844FAC95C3B5E05F3F5296", "action_flag": 3, "change_message": ""}}, {"model": "admin.logentry", "pk": 168, "fields": {"action_time": "2021-06-20T16:49:01.622Z", "user": 1, "content_type": 17, "object_id": "12", "object_repr": "C7CAE35B8961433AABEC5B191FA67CB6", "action_flag": 3, "change_message": ""}}, {"model": "admin.logentry", "pk": 169, "fields": {"action_time": "2021-06-20T16:49:01.625Z", "user": 1, "content_type": 17, "object_id": "11", "object_repr": "160D28CA44BC413D8FEF88C4E7CA1349", "action_flag": 3, "change_message": ""}}, {"model": "admin.logentry", "pk": 170, "fields": {"action_time": "2021-06-20T16:49:01.627Z", "user": 1, "content_type": 17, "object_id": "10", "object_repr": "0ABADA58FE004E38BF4063BE87F5ACC9", "action_flag": 3, "change_message": ""}}, {"model": "admin.logentry", "pk": 171, "fields": {"action_time": "2021-06-20T16:49:01.629Z", "user": 1, "content_type": 17, "object_id": "9", "object_repr": "04578B47506A49A88B2AECC9F9A2DBCB", "action_flag": 3, "change_message": ""}}, {"model": "admin.logentry", "pk": 172, "fields": {"action_time": "2021-06-20T16:49:01.631Z", "user": 1, "content_type": 17, "object_id": "8", "object_repr": "8045ACAA53CC4574897BDF568EFE6133", "action_flag": 3, "change_message": ""}}, {"model": "admin.logentry", "pk": 173, "fields": {"action_time": "2021-06-20T16:49:01.632Z", "user": 1, "content_type": 17, "object_id": "7", "object_repr": "88AF716B9D64462C98E2B0F03E547747", "action_flag": 3, "change_message": ""}}, {"model": "admin.logentry", "pk": 174, "fields": {"action_time": "2021-06-20T16:49:01.634Z", "user": 1, "content_type": 17, "object_id": "6", "object_repr": "6F01BC5B22EA473786B17199E44BAA83", "action_flag": 3, "change_message": ""}}, {"model": "admin.logentry", "pk": 175, "fields": {"action_time": "2021-06-20T16:49:01.635Z", "user": 1, "content_type": 17, "object_id": "5", "object_repr": "D42B2EB3B2A14343A5665B95899336F5", "action_flag": 3, "change_message": ""}}, {"model": "admin.logentry", "pk": 176, "fields": {"action_time": "2021-06-20T16:49:01.636Z", "user": 1, "content_type": 17, "object_id": "4", "object_repr": "C8DE6E88C1D84867B3B9EEFE17E60B8A", "action_flag": 3, "change_message": ""}}, {"model": "admin.logentry", "pk": 177, "fields": {"action_time": "2021-06-20T16:49:01.638Z", "user": 1, "content_type": 17, "object_id": "3", "object_repr": "D26969ADEE8E4AD2A43394EA6191BBBC", "action_flag": 3, "change_message": ""}}, {"model": "admin.logentry", "pk": 178, "fields": {"action_time": "2021-06-20T16:49:01.640Z", "user": 1, "content_type": 17, "object_id": "2", "object_repr": "20D564590C57433A90E3DE675CFBB5A1", "action_flag": 3, "change_message": ""}}, {"model": "admin.logentry", "pk": 179, "fields": {"action_time": "2021-06-20T16:49:01.641Z", "user": 1, "content_type": 17, "object_id": "1", "object_repr": "7C39DB2195BB46688C9F1C8902ECCFEB", "action_flag": 3, "change_message": ""}}, {"model": "admin.logentry", "pk": 180, "fields": {"action_time": "2021-06-20T23:24:32.475Z", "user": 1, "content_type": 22, "object_id": "1", "object_repr": "This is a test review of The Wee Norn Iron Box", "action_flag": 2, "change_message": "[{\"changed\": {\"fields\": [\"Title\", \"Review\", \"Rating\"]}}]"}}, {"model": "admin.logentry", "pk": 181, "fields": {"action_time": "2021-06-20T23:28:38.019Z", "user": 1, "content_type": 22, "object_id": "2", "object_repr": "Can't beat the taste of Northern Ireland!", "action_flag": 2, "change_message": "[{\"changed\": {\"fields\": [\"Rating\"]}}]"}}, {"model": "admin.logentry", "pk": 182, "fields": {"action_time": "2021-06-20T23:29:23.199Z", "user": 1, "content_type": 22, "object_id": "1", "object_repr": "This is a test review of The Wee Norn Iron Box", "action_flag": 2, "change_message": "[{\"changed\": {\"fields\": [\"Rating\"]}}]"}}, {"model": "admin.logentry", "pk": 183, "fields": {"action_time": "2021-06-21T18:59:21.382Z", "user": 1, "content_type": 22, "object_id": "1", "object_repr": "This is a test review for The Wee Norn Iron Box", "action_flag": 2, "change_message": "[{\"changed\": {\"fields\": [\"Review\", \"Rating\"]}}]"}}, {"model": "admin.logentry", "pk": 184, "fields": {"action_time": "2021-06-21T18:59:48.168Z", "user": 1, "content_type": 22, "object_id": "3", "object_repr": "This is another test review for The Wee Norn Iron Box", "action_flag": 2, "change_message": "[{\"changed\": {\"fields\": [\"Title\", \"Review\", \"Rating\"]}}]"}}, {"model": "admin.logentry", "pk": 185, "fields": {"action_time": "2021-06-21T19:02:29.338Z", "user": 1, "content_type": 22, "object_id": "2", "object_repr": "My box arrived quickly and with everything I ordered. Can't beat the taste of Northern Ireland!", "action_flag": 2, "change_message": "[{\"changed\": {\"fields\": [\"Title\", \"Review\", \"Rating\"]}}]"}}, {"model": "admin.logentry", "pk": 186, "fields": {"action_time": "2021-06-21T20:26:04.193Z", "user": 1, "content_type": 13, "object_id": "30", "object_repr": "Test", "action_flag": 3, "change_message": ""}}, {"model": "admin.logentry", "pk": 187, "fields": {"action_time": "2021-06-22T21:59:59.216Z", "user": 1, "content_type": 4, "object_id": "8", "object_repr": "theweeadmin", "action_flag": 3, "change_message": ""}}, {"model": "admin.logentry", "pk": 188, "fields": {"action_time": "2021-06-22T21:59:59.219Z", "user": 1, "content_type": 4, "object_id": "7", "object_repr": "theweenornironbox-admin", "action_flag": 3, "change_message": ""}}, {"model": "admin.logentry", "pk": 189, "fields": {"action_time": "2021-06-22T22:41:02.982Z", "user": 1, "content_type": 4, "object_id": "9", "object_repr": "twnibadmin", "action_flag": 3, "change_message": ""}}, {"model": "auth.user", "pk": 1, "fields": {"password": "pbkdf2_sha256$260000$FycHLRKUbViyOLq15iIkuV$GlQrKu4ibUUoUJZrjnWGVaAkTSqHeVxEWX3lQ78EmXM=", "last_login": "2021-06-22T22:40:55.698Z", "is_superuser": true, "username": "kc1994", "first_name": "", "last_name": "", "email": "chattertonkirsty@gmail.com", "is_staff": true, "is_active": true, "date_joined": "2021-04-27T21:32:35.193Z", "groups": [], "user_permissions": []}}, {"model": "auth.user", "pk": 2, "fields": {"password": "pbkdf2_sha256$260000$oLq4nmQ2vd0l723JqiZkMu$hM/miPaxdjUZ2sQwo9Ndp2MzqcZ7ZW48VekniR5zu1o=", "last_login": "2021-06-22T16:36:33.778Z", "is_superuser": false, "username": "TestUser", "first_name": "", "last_name": "", "email": "test@test.com", "is_staff": false, "is_active": true, "date_joined": "2021-05-09T16:05:57.298Z", "groups": [], "user_permissions": []}}, {"model": "auth.user", "pk": 6, "fields": {"password": "pbkdf2_sha256$260000$wmpsEdeRvkrGVSugOzx7LV$zVFEbj/GQ/l9nQwEAOv8VxN3bKHR+ue5EHcDXbRyLbU=", "last_login": "2021-06-20T23:30:35.632Z", "is_superuser": false, "username": "TestUser2", "first_name": "", "last_name": "", "email": "test2@test.com", "is_staff": false, "is_active": true, "date_joined": "2021-06-20T23:30:19.671Z", "groups": [], "user_permissions": []}}, {"model": "sessions.session", "pk": "dgj2r7jzgd60idcfqo8dakzaot41spy5", "fields": {"session_data": ".eJxVjMsOwiAQRf-FtSEMU0BcuvcbyPCSqoGktCvjv0uTLnR77jn3zRxta3FbT4ubI7swYKdf5ik8U92H-KB6bzy0ui6z57vCj7XzW4vpdT3cv4NCvYwaZc7K-ikBRjEJjNIqDZNBYULWOoGPJDMMnMn6AGdBxgOKNCKFCOzzBdChN10:1lvp4h:dd5Fqv4E2HFtjxhrZedUzDapTNjdJSiRtdhq-mDsh4U", "expire_date": "2021-07-06T22:40:55.707Z"}}, {"model": "sessions.session", "pk": "dmgyl7fyznuckloebndy4zjiujem44ty", "fields": {"session_data": "eyJhY2NvdW50X3ZlcmlmaWVkX2VtYWlsIjpudWxsLCJhY2NvdW50X3VzZXIiOiIzIn0:1luifC:RkAMvdizvOqQfIJ_IjuT0fVW6zQxSwB8MEDacyQwZnE", "expire_date": "2021-07-03T21:38:02.030Z"}}, {"model": "sessions.session", "pk": "h142dr973rce22iqtaezljvstr2saqie", "fields": {"session_data": "e30:1luiQJ:sEJq-a-fqXvJj0qwVHurcH27PYOkesMGi-d-3iQkCQg", "expire_date": "2021-07-03T21:22:39.800Z"}}, {"model": "sessions.session", "pk": "s4bhfphd9wilvy72psj9d4ec9f5mc5cf", "fields": {"session_data": ".eJxVjMsOwiAQRf-FtSEMU0BcuvcbyPCSqoGktCvjv0uTLnR77jn3zRxta3FbT4ubI7swYKdf5ik8U92H-KB6bzy0ui6z57vCj7XzW4vpdT3cv4NCvYwaZc7K-ikBRjEJjNIqDZNBYULWOoGPJDMMnMn6AGdBxgOKNCKFCOzzBdChN10:1lvoNK:oktYm11wNU3rtWCU4TIT6JTv-yXPi-Duc4E_Hl9FdV0", "expire_date": "2021-07-06T21:56:06.116Z"}}, {"model": "sessions.session", "pk": "uajqp0ki2b67dxrmlt6ngr5vu4954sbz", "fields": {"session_data": "e30:1luiTK:lpE9jA25aQLLpzEfIt9Y8_05sb0H1xi3WEm27RvrRgg", "expire_date": "2021-07-03T21:25:46.062Z"}}, {"model": "sessions.session", "pk": "wmubl30wakkusz99iqjlcnoqfuriufq1", "fields": {"session_data": "e30:1luzRa:QhzWwc_gcIIEN5Njk6X14UPKtzGg7vzHAi4w2nh0vuI", "expire_date": "2021-07-04T15:33:06.192Z"}}, {"model": "sessions.session", "pk": "xkxx6m7kkcg2jh68u7b9dkv5plopvbkz", "fields": {"session_data": ".eJxVjsEOgjAQRP9lz4SwtWuhR-9-A9mWVaqmNRQSDOHfhYSDXufNvMwCLU9j305ZhjZ0YEFB8Zs59k-JO-geHO-p9CmOQ3DlXikPmstr6uR1Obp_gp5zv61RV57IKSG-1ZUYali0VoioxDTOsxHjGE3t6axr6iq8OWRSXrAh0bhLs-QcUmxlfofhA7YqwKUZ7AIIlortuj0VQGBxXb8oEUS-:1ljlGS:TTfC5jEpf2utOTSgKe3i5LEMiGUFxiEXQ5xtcXaxgwg", "expire_date": "2021-06-03T16:11:12.026Z"}}, {"model": "sessions.session", "pk": "zisw4mjrotfiukaex8wnnaxxjstu7us3", "fields": {"session_data": "e30:1luifS:G4ymjbzR7Je_NrXZtUL1HGmnxlcyGfc2NUswdrerXOk", "expire_date": "2021-07-03T21:38:18.420Z"}}, {"model": "sites.site", "pk": 1, "fields": {"domain": "theweenornironbox.com", "name": "The Wee Norn Iron Box"}}, {"model": "account.emailaddress", "pk": 1, "fields": {"user": 1, "email": "chattertonkirsty@gmail.com", "verified": true, "primary": true}}, {"model": "account.emailaddress", "pk": 2, "fields": {"user": 2, "email": "test@test.com", "verified": true, "primary": true}}, {"model": "account.emailaddress", "pk": 6, "fields": {"user": 6, "email": "test2@test.com", "verified": true, "primary": true}}, {"model": "home.review", "pk": 1, "fields": {"title": "Test Review", "review": "This is a test review for The Wee Norn Iron Box", "posted_by": 2, "rating": 4}}, {"model": "home.review", "pk": 2, "fields": {"title": "Amazing Box!", "review": "My box arrived quickly and with everything I ordered. Can't beat the taste of Northern Ireland!", "posted_by": 1, "rating": 5}}, {"model": "home.review", "pk": 3, "fields": {"title": "Test Review 2", "review": "This is another test review for The Wee Norn Iron Box", "posted_by": 6, "rating": 3}}, {"model": "products.category", "pk": 1, "fields": {"name": "Breads"}}, {"model": "products.category", "pk": 2, "fields": {"name": "Drinks"}}, {"model": "products.category", "pk": 3, "fields": {"name": "Snacks"}}, {"model": "products.product", "pk": 1, "fields": {"name": "Genesis Crafty Toaster Wheaten Bread", "description": "Baked from our family recipe using buttermilk & the finest blend of flour so it's light, moist & very tasty for you!", "brand": "Genesis Crafty", "category": 1, "size": "420g", "image": "genesis_wheaten.jpg"}}, {"model": "products.product", "pk": 2, "fields": {"name": "Irwin's Nutty Krust", "description": "Baked on the sole of the oven to create that unique flavour. The technique of baking batch bread has been handed down through generations of the Irwins family.", "brand": "Irwin's", "category": 1, "size": "800g", "image": "irwins_nutty_krust.jpg"}}, {"model": "products.product", "pk": 3, "fields": {"name": "Irwin's Potato Farls", "description": "Made with a high content of potato, perfect grilled for breakfast. Irwins potato farls are only 80 calories per serving, low in sugar and least free!", "brand": "Irwin's", "category": 1, "size": "6 Pack", "image": "irwins_potato_farls.jpg"}}, {"model": "products.product", "pk": 4, "fields": {"name": "Irwin's Sliced Sodas", "description": "Irwins sodas are sliced for convenience, toaster friendly, only 88 calories per slice, low in fat and low in sugar!", "brand": "Irwin's", "category": 1, "size": "4 Pack", "image": "irwins_sliced_sodas.jpg"}}, {"model": "products.product", "pk": 5, "fields": {"name": "Irwin's Veda Malt Loaf", "description": "One of the products that Northern Irish expats miss the most.", "brand": "Irwin's", "category": 1, "size": "400g", "image": "irwins_veda.jpg"}}, {"model": "products.product", "pk": 6, "fields": {"name": "Irwin's Wheaten Bread", "description": "The perfect accompaniment for salads and soups, our moist wheaten bread will add bite to your lunchtime.", "brand": "Irwin's", "category": 1, "size": "450g", "image": "irwins_wheaten.jpg"}}, {"model": "products.product", "pk": 7, "fields": {"name": "Ormo Potato Farls", "description": "Ormo have been 'baking you happy' for generations, since 1875 in fact.", "brand": "Ormo", "category": 1, "size": "6 Pack", "image": "ormo_potato_farls.jpg"}}, {"model": "products.product", "pk": 8, "fields": {"name": "Ormo Sodas", "description": "Ormo have been 'baking you happy' for generations, since 1875 in fact.", "brand": "Ormo", "category": 1, "size": "2 Pack", "image": "ormo_sodas.jpg"}}, {"model": "products.product", "pk": 9, "fields": {"name": "Sunblest Veda Malt Loaf", "description": "It's magic so it is! Our wee loaf contains no animal fats and is suitable for vegetarians & vegans.", "brand": "Sunblest", "category": 1, "size": "400g", "image": "sunblest_veda.jpg"}}, {"model": "products.product", "pk": 10, "fields": {"name": "BPM Focus Energy Drink", "description": "Berry Flavour Energy Drink with Glucose and Ginseng Extract.", "brand": "BPM", "category": 2, "size": "500ml", "image": "bpm_energy.jpg"}}, {"model": "products.product", "pk": 11, "fields": {"name": "Sukie Apple & Blackcurrant", "description": "This fruit drink is rich in Vitamin C and a source of Vitamin A.", "brand": "Dale Farm", "category": 2, "size": "500ml", "image": "sukie_blackcurrant.jpg"}}, {"model": "products.product", "pk": 12, "fields": {"name": "Sukie Orange", "description": "This fruit drink is rich in Vitamin C and a source of Vitamin A.", "brand": "Dale Farm", "category": 2, "size": "500ml", "image": "sukie_orange.jpg"}}, {"model": "products.product", "pk": 13, "fields": {"name": "Sukie Strawberry", "description": "This fruit drink is rich in Vitamin C and a source of Vitamin A.", "brand": "Dale Farm", "category": 2, "size": "500ml", "image": "sukie_strawberry.jpg"}}, {"model": "products.product", "pk": 14, "fields": {"name": "Club Orange", "description": "Carbonated Orange soft drink with sugar and sweetener.", "brand": "Club", "category": 2, "size": "500ml", "image": "club_orange.jpg"}}, {"model": "products.product", "pk": 15, "fields": {"name": "Club Rock Shandy", "description": "Carbonated Orange and Lemon Soft Drink with Sugar and Sweetener.", "brand": "Club", "category": 2, "size": "500ml", "image": "club_rock_shandy.jpg"}}, {"model": "products.product", "pk": 16, "fields": {"name": "Club Lemon", "description": "Carbonated Lemon soft drink with sugar and sweetener.", "brand": "Club", "category": 2, "size": "500ml", "image": "club_lemon.jpg"}}, {"model": "products.product", "pk": 17, "fields": {"name": "Maine Cloudy Lime", "description": "Carbonated Lime flavour soft drink with sugar and sweeteners.", "brand": "Maine", "category": 2, "size": "500ml", "image": "maine_cloudy_lime.jpg"}}, {"model": "products.product", "pk": 18, "fields": {"name": "Maine Pineappleade", "description": "Carbonated Pineapple flavour soft drink with sugar and sweeteners.", "brand": "Maine", "category": 2, "size": "500ml", "image": "maine_pineapple.jpg"}}, {"model": "products.product", "pk": 19, "fields": {"name": "Maine Bubblegum", "description": "Carbonated Bubblegum flavour soft drink with sugar and sweeteners.", "brand": "Maine", "category": 2, "size": "500ml", "image": "maine_bubblegum.jpg"}}, {"model": "products.product", "pk": 20, "fields": {"name": "Maine Attaboy", "description": "Attaboy has been a well known soft drinks flavour throughout Belfast for many generations. The distinctive mixed fruit flavour is still as popular as ever!", "brand": "Maine", "category": 2, "size": "500ml", "image": "maine_attaboy.jpg"}}, {"model": "products.product", "pk": 21, "fields": {"name": "Tayto Bikers", "description": "Delicious Spicy Flavoured Baked Corn Snacks that will really spin your wheels!", "brand": "Tayto", "category": 3, "size": "35g", "image": "tayto_bikers.jpg"}}, {"model": "products.product", "pk": 22, "fields": {"name": "Tayto Cheese & Onion", "description": "Cheese & Onion flavoured crisps.", "brand": "Tayto", "category": 3, "size": "35g", "image": "tayto_cheese_onion.jpg"}}, {"model": "products.product", "pk": 23, "fields": {"name": "Tayto Curry Chips", "description": "Our Curry Flavour stick shaped corn snacks are baked not fried and are very, very tasty!", "brand": "Tayto", "category": 3, "size": "35g", "image": "tayto_curry_chips.jpg"}}, {"model": "products.product", "pk": 24, "fields": {"name": "Tayto High Fives", "description": "Our delicious Bacon flavour baked corn snacks are a great wee treat!", "brand": "Tayto", "category": 3, "size": "35g", "image": "tayto_high_fives.jpg"}}, {"model": "products.product", "pk": 25, "fields": {"name": "Tayto Onion Rings", "description": "Tayto Onion Rings are famous for their fantastic and unique flavour  a true 'Taste of Home'!", "brand": "Tayto", "category": 3, "size": "35g", "image": "tayto_onion_rings.jpg"}}, {"model": "products.product", "pk": 26, "fields": {"name": "Tayto Pickled Onion", "description": "Pickled Onion flavoured crisps.", "brand": "Tayto", "category": 3, "size": "35g", "image": "tayto_pickled_onion.jpg"}}, {"model": "products.product", "pk": 27, "fields": {"name": "Tayto Prawn Cocktail", "description": "Prawn Cocktail flavoured crisps.", "brand": "Tayto", "category": 3, "size": "35g", "image": "tayto_prawn_cocktail.jpg"}}, {"model": "products.product", "pk": 28, "fields": {"name": "Tayto Roast Chicken", "description": "Roast Chicken flavoured crisps.", "brand": "Tayto", "category": 3, "size": "35g", "image": "tayto_roast_chicken.jpg"}}, {"model": "products.product", "pk": 29, "fields": {"name": "Tayto Smoky Bacon", "description": "Smoky Bacon flavoured crisps.", "brand": "Tayto", "category": 3, "size": "35g", "image": "tayto_smoky_bacon.jpg"}}, {"model": "checkout.order", "pk": 15, "fields": {"order_number": "1D57E1AFCD0F42178E1DEE1DB179D4A0", "user_profile": 3, "full_name": "Test User", "email": "test@test.com", "contact_number": "01234567890", "address_line_1": "1", "address_line_2": "Test Street", "town_or_city": "Test", "county": "County", "postcode": "GH2 5HT", "country": "GB", "date": "2021-06-20T16:53:57.602Z", "original_box": "{\"2\": 1, \"1\": 1, \"11\": 2, \"10\": 2, \"22\": 3, \"21\": 3}", "stripe_pid": "pi_1J4Tu4AMYLVibdjZOn3PhUvo"}}, {"model": "checkout.order", "pk": 16, "fields": {"order_number": "977E3EA6CF884A08A3DBED50814A85C6", "user_profile": 3, "full_name": "Test User", "email": "test@test.com", "contact_number": "01234567890", "address_line_1": "1", "address_line_2": "Test Street", "town_or_city": "Test", "county": "County", "postcode": "GH2 5HT", "country": "GB", "date": "2021-06-20T17:47:34.083Z", "original_box": "{\"1\": 1, \"2\": 1, \"11\": 2, \"10\": 2, \"22\": 3, \"21\": 3}", "stripe_pid": "pi_1J4UjsAMYLVibdjZxxhoy2D8"}}, {"model": "checkout.order", "pk": 17, "fields": {"order_number": "A864C1F3E15F447EA71695D37BAEC71F", "user_profile": 3, "full_name": "Test User", "email": "test@test.com", "contact_number": "01234567890", "address_line_1": "1", "address_line_2": "Test Street", "town_or_city": "Test", "county": "County", "postcode": "GH2 5HT", "country": "GB", "date": "2021-06-20T20:07:40.410Z", "original_box": "{\"1\": 1, \"2\": 1, \"11\": 2, \"10\": 2, \"22\": 3, \"21\": 3}", "stripe_pid": "pi_1J4WvWAMYLVibdjZiAhqGhcZ"}}, {"model": "checkout.boxitems", "pk": 157, "fields": {"order": 15, "product": 2}}, {"model": "checkout.boxitems", "pk": 158, "fields": {"order": 15, "product": 1}}, {"model": "checkout.boxitems", "pk": 159, "fields": {"order": 15, "product": 11}}, {"model": "checkout.boxitems", "pk": 160, "fields": {"order": 15, "product": 10}}, {"model": "checkout.boxitems", "pk": 161, "fields": {"order": 15, "product": 22}}, {"model": "checkout.boxitems", "pk": 162, "fields": {"order": 15, "product": 21}}, {"model": "checkout.boxitems", "pk": 163, "fields": {"order": 16, "product": 1}}, {"model": "checkout.boxitems", "pk": 164, "fields": {"order": 16, "product": 2}}, {"model": "checkout.boxitems", "pk": 165, "fields": {"order": 16, "product": 11}}, {"model": "checkout.boxitems", "pk": 166, "fields": {"order": 16, "product": 10}}, {"model": "checkout.boxitems", "pk": 167, "fields": {"order": 16, "product": 22}}, {"model": "checkout.boxitems", "pk": 168, "fields": {"order": 16, "product": 21}}, {"model": "checkout.boxitems", "pk": 169, "fields": {"order": 17, "product": 1}}, {"model": "checkout.boxitems", "pk": 170, "fields": {"order": 17, "product": 2}}, {"model": "checkout.boxitems", "pk": 171, "fields": {"order": 17, "product": 11}}, {"model": "checkout.boxitems", "pk": 172, "fields": {"order": 17, "product": 10}}, {"model": "checkout.boxitems", "pk": 173, "fields": {"order": 17, "product": 22}}, {"model": "checkout.boxitems", "pk": 174, "fields": {"order": 17, "product": 21}}, {"model": "profiles.userprofile", "pk": 2, "fields": {"user": 1, "default_full_name": null, "default_email": null, "default_contact_number": null, "default_address_line_1": null, "default_address_line_2": null, "default_town_or_city": null, "default_county": null, "default_postcode": null, "default_country": null}}, {"model": "profiles.userprofile", "pk": 3, "fields": {"user": 2, "default_full_name": "Test User", "default_email": "test@test.com", "default_contact_number": "01234567890", "default_address_line_1": "1", "default_address_line_2": "Test Street", "default_town_or_city": "Test", "default_county": "County", "default_postcode": "GH2 5HT", "default_country": "GB"}}, {"model": "profiles.userprofile", "pk": 6, "fields": {"user": 6, "default_full_name": null, "default_email": null, "default_contact_number": null, "default_address_line_1": null, "default_address_line_2": null, "default_town_or_city": null, "default_county": null, "default_postcode": null, "default_country": null}}]